Name of country,Continent,2000,2001,2002,2003,2004,2005,2006,2007,2008,2009,2010,2011,2012,2013,2014,2015,2016,2017,2018,2019,2020,2021,2022,2023,2024,2025
Algeria,Africa,54790398570.3282,59413400923.6364,61516103406.1688,73482264190.9245,91913680985.1708,107046618669.707,123084258693.01,142482739809.849,180383848331.135,150317292079.359,177785053939.531,218331946925.304,227143746075.934,229701430292.157,238942664192.59,187493855609.345,180763839522.151,189880896903.073,194554483655.528,193459662090.677,164873415325.201,186231205262.082,225638456572.143,247626161016.414,263619794506.723,
"Egypt, Arab Rep.",Africa,99838543960.0763,96684636118.5984,85146067415.7303,80288461538.4615,78782467532.4675,89660339660.3397,107426086956.522,130437828371.278,162818181818.182,189147005444.646,218983666061.706,235989672977.625,279116666666.667,288434108527.132,305595408895.265,329366576819.407,332441717791.411,248362771739.13,262588632526.73,318678815489.749,383817841547.099,424671765455.704,476747720364.742,395926075163.006,389059911003.566,
Libya,Africa,38270954138.1128,34112093927.254,20481889763.7795,26265625000.0,33122307692.3077,47334691241.4924,60094231606.642,68032978390.6007,86710767415.1371,60808562033.4191,75380825062.4216,48169263294.1007,92540938129.1315,75351107029.0605,57372355592.022,48717501321.3052,49912073701.298,67157452181.7738,76686029772.1483,69254496471.6938,46854285440.642,35217995647.2862,43246297921.8499,45096462972.4014,46636278901.9016,
Morocco,Africa,43017455401.8445,43831480207.6444,47077192187.6418,58029363354.2757,66114145451.0067,68852658068.6673,75883823300.8545,86947913286.728,101822906949.063,101154952240.881,100865329473.44,110080631332.375,106937392311.129,115739287305.08,119130841411.664,110413823841.592,111572947004.917,118540573367.844,127341147581.818,128920266409.458,121353645057.144,142022058447.231,130951926351.241,144417103249.646,154430996472.752,
Tunisia,Africa,21473528160.7782,22065832448.8623,23141616604.5242,27453902261.4629,31183885241.4396,32272186694.8043,34376664600.5898,38915353866.757,44859439902.2191,43455740497.3061,46206091937.9628,48123325825.0739,47311401812.6733,48685446413.953,50271812920.612,45779494041.9295,44360072680.4476,42163530590.9462,42686504459.801,41905642418.825,42491780918.361,47073234359.1819,44948769171.285,48196281783.9479,53409988744.5968,
Armenia,Asia,1911563668.85006,2118467913.37873,2376335048.39976,2807061008.69084,3576615240.41616,4900469511.10191,6384452066.5146,9206301269.79164,11662040713.8753,8647937081.2562,9260285755.62424,10142111824.5835,10619320682.9474,11121464437.0415,11609513246.7958,10553337518.414,10546136235.5219,11527458709.0158,12457940694.7395,13619290539.2116,12641698583.2152,13878908628.9378,19513506553.1251,24085749592.3359,25786585949.6346,
Azerbaijan,Asia,5272615722.96892,5707616203.72011,6236087738.28284,7276413079.11451,8680405740.94125,13245421880.834,20981929497.6188,33049419431.2244,48851293785.4483,44292427184.9492,52909294791.9262,65952796427.9473,69679944504.1972,74160560123.6902,75239785452.1022,53076235354.746,37866996882.9157,40866627351.9817,47112470051.7701,48174235294.1176,42693000000.0,54825411764.7059,78807470588.2353,72428470588.2353,74315882352.9412,
Bangladesh,Asia,53369787318.6245,53991289844.3291,54724081490.5102,60158929188.2556,65108544250.0425,69476001239.419,71795736172.1561,79611644974.5571,91636997370.9772,102475158190.998,115275540051.262,128607482310.357,133310747603.483,149998957434.186,172886611653.786,195146608978.131,265224515675.034,293732446624.596,321362752441.78,351231654603.692,373979442362.193,416271647911.014,460131689083.083,437415333018.291,450119424622.389,
Bhutan,Asia,460733418.399276,496110225.710307,559345263.708309,651935430.314445,735348490.428435,860391000.221655,942879878.538879,1255767964.00491,1317517834.59916,1331343797.77308,1708880730.20989,1977728658.68259,1973387227.96519,1943696951.65411,2089079570.58285,2187815803.36833,2357504760.78592,2591358009.20276,2583335721.85904,2735683570.46155,2457604333.90927,2768802960.11204,2898227743.75576,3019253885.46989,,
Brunei Darussalam,Asia,6570999059.70575,6096155747.56182,6333082878.97992,7167725264.75135,8619178799.47025,10547202612.4295,12644616446.1918,13432029495.6785,15926456491.5178,11912904529.0722,13707121031.2552,18524791070.6802,19048443339.9457,18094148099.4922,17097797371.9718,12930296852.4882,11400266055.3232,12128168046.7827,13566908401.1864,13469235348.2211,12005799664.2691,14006496614.3195,16681536442.5498,15095084686.1651,15463134387.2013,
Cambodia,Asia,3694168979.32019,4145665969.92864,4501227626.62752,5046693484.31767,5883297159.87352,7066296463.3598,8350531016.65753,10127916459.8983,12174303999.0812,12502901169.7377,13808673288.0696,16032622023.8265,17826536699.8016,19807135252.8649,22041463967.9009,24174170369.0738,26556545153.3573,29355665909.7905,33145892168.8958,36685356407.7206,34818073901.4851,36790163687.4421,39994532959.6074,42335646895.7984,46352647034.7775,
China,Asia,1223754919971.05,1355036590251.52,1489821682050.54,1683903309843.85,1984196551300.44,2317551298052.05,2791498472804.33,3604055822571.63,4667346414521.95,5189577094997.58,6192564874453.29,7671757207851.29,8673664713189.24,9743124247267.24,10674533168257.4,11280814787468.9,11456024084962.0,12537559062282.9,14147765772963.8,14560167101283.4,14996414166715.1,18201698719564.0,18316765021690.2,18270356654533.2,18743803170827.2,
Cyprus,Asia,9985847313.85485,10397898907.1038,11420228846.1538,14547329558.3239,17320551250.0,18433412510.8817,20072754986.8272,23968727073.6381,27844646257.507,26048179949.1741,25799940077.6075,27641547909.7011,25047436974.6819,23959712860.8331,23225918259.9824,19909278416.8575,21046462280.5979,22946570628.7576,25754001367.5448,26196667099.5303,25555093854.2968,30372642502.4897,30935566076.6788,33886930712.3394,36333022329.4981,
Georgia,Asia,3057475335.18846,3219462262.0075,3395766677.67315,3991377904.13162,5125365191.98664,6410912049.87105,7745250733.95067,10172931088.5655,12795145130.9103,10766920065.8251,12426907967.1578,15475290469.2869,16894392033.2256,17517660143.6859,17966015109.3043,15223796148.8396,15444548901.9637,16473125375.0684,17902544880.6471,17638337116.9126,16010869215.68,18853115588.8106,24984568959.605,30777833600.6515,33776141250.5716,
"Hong Kong SAR, China",Asia,171668891194.349,169404327616.605,166348866131.028,161385558801.811,169099768875.193,181569311742.213,193535442896.365,211596944503.8,219278749139.734,214047795659.045,228638668727.291,248513617677.287,262628865879.697,275696879834.966,291459995978.893,309385622601.348,320860317562.562,341273289534.466,361731070995.726,363074545072.389,344943149590.058,368954169748.818,358679533984.718,381066399066.208,407106738445.069,
India,Asia,468395521654.458,485440139204.171,514939140318.756,607700687237.318,709152728830.775,820383763511.445,940259888787.721,1216736438834.96,1198895139005.92,1341888016994.9,1675615519484.96,1823051829894.55,1827637590410.41,1856721507621.58,2039126479154.52,2103588360044.94,2294796885663.16,2651474262755.45,2702929641648.74,2835606256558.19,2674851578587.27,3167270623260.47,3346107287730.93,3638489096033.86,3912686168582.21,
Indonesia,Asia,165021012077.81,160446947784.909,195660611165.183,234772463823.808,256836875295.452,285868619196.085,364570515618.357,432216737774.861,510228634992.258,539580085612.401,755094157621.936,892969104563.171,917869913332.649,912524136718.018,890814755533.537,860854232686.214,931877364037.698,1015618744159.73,1042271532988.63,1119099871350.2,1059054842698.48,1186509691086.73,1319101183380.15,1371169301563.62,1396300098190.97,
Japan,Asia,4968359075956.59,4374711694090.87,4182846045873.61,4519561645253.53,4893116005656.56,4831467035389.8,4601663122649.92,4579750920354.81,5106679115127.3,5289493117993.89,5759071769013.11,6233147172341.35,6272362996105.03,5212328181166.18,4896994405353.29,4444930651964.18,5003677627544.24,4930837369151.42,5040880939324.86,5117993853016.51,5054068005376.28,5039148168861.22,4262463317796.53,4213167237905.83,4026210821146.81,
Kazakhstan,Asia,18291990662.0356,22152689179.8815,24636598527.4437,30833692900.1091,43151647002.6096,57123671733.8952,81003864630.018,104849915058.376,133441648851.982,115308686941.38,148047348240.643,192626464617.071,207998568865.789,236634603409.089,221415613595.469,184388404706.042,137278320084.171,166805788827.233,179339977690.485,181667184854.501,171082365861.423,197112255360.612,225496328925.494,261840101059.923,288406138230.669,
"Korea, Rep.",Asia,576179387819.613,547656279894.587,627246933729.618,702714855193.904,793175561887.027,934901071332.984,1053216909887.56,1172614086539.86,1047339010225.25,943941876218.743,1143672241149.72,1253289537500.81,1278046536287.01,1370632955321.2,1484488526271.8,1466038936206.43,1499679823909.61,1623074183501.9,1725373496825.43,1651422932447.77,1644312831906.17,1818432106880.04,1673916511799.71,1712792854202.37,,
Kyrgyz Republic,Asia,1369688498.06778,1525116370.27939,1605643104.73021,1919008090.49641,2211534585.0034,2460246766.41401,2834168889.42019,3802570552.56105,5139958909.17936,4690061380.60253,4794361863.01353,6197765984.28468,6605142884.36215,7335033800.59056,7468102412.68237,6678177511.66313,6813095379.1187,7702938379.42036,8271106235.41552,9371275264.36735,8270468614.24051,9249133946.26531,12134931017.9465,15180842369.4894,17478259659.2625,
Lao PDR,Asia,1731198022.46763,1768619058.34647,1758176653.07746,2023324407.28414,2366398119.86321,2735558734.7379,3455030060.9785,4223152739.04052,5446433157.40114,5836137329.63305,7131771014.70456,8750104617.17303,10192846339.4029,11983252626.5452,13279245886.3854,14426380125.6488,15912501722.6143,17071155481.4994,18141641089.7963,18740561512.5555,18981805250.2424,18827148530.9347,15468785203.7532,15843155731.2552,16502933121.0806,
"Macao SAR, China",Asia,6774193548.3871,6860272608.45211,7371692774.43404,8246479565.94248,10643253553.184,12160056122.3757,14874098691.9082,18439981612.4086,21027018332.6663,21587786905.8499,28241798491.593,36845888757.1886,43189721376.9846,51536595089.2793,54902831793.5018,45048190598.3249,45070808688.9611,50383871120.8733,55190661339.7796,55082293844.1008,25343525935.8358,30969334705.0515,24999113475.8368,45803067940.4072,50183212761.3484,
Malaysia,Asia,93789736842.1053,92783947368.4211,100845526315.789,110202368421.053,124749473684.211,143534405818.501,162692258307.056,193549569477.733,230811614370.384,202257453036.641,255017638455.59,297951668674.835,314443047642.111,323276235524.415,338066095097.254,301355266964.947,301256033870.334,319109094160.343,358788845712.53,365177721021.516,337456163961.211,373784823672.946,407605841348.235,399705137434.074,421972102253.57,
Maldives,Asia,624337145.284622,870031676.798793,897031250.0,1052121054.6875,1226829562.5,1163362437.5,1575200390.625,1868383460.9375,2271646187.5,2345294875.0,2588176054.6875,2774350240.04918,2886163997.20531,3295009237.50107,3697353039.20043,4129505319.12921,4409942623.85538,4816426256.52914,5404344162.69888,5726094799.37709,3712604583.36665,5252457369.55218,6177118113.94637,6590894301.9579,6975146349.42592,
Mongolia,Asia,1136896123.61298,1267997934.3125,1396555719.97409,1595297355.78349,1992066808.09598,2523471601.10421,3414055661.61598,4234999703.90059,5623216608.04288,4583850367.88972,7189481998.90094,10409797377.8571,12292770631.565,12582122604.2577,12226514668.0622,11619892590.6941,11181350649.3573,11480847740.736,13178094720.4986,14206359017.5143,13312981429.0891,15286441737.6686,17146471713.748,20325121393.9074,23586055802.4517,
Myanmar,Asia,8905066163.58643,6477790688.22844,6777632512.0781,10467109977.6717,10567354056.4049,11986972418.5103,14502553709.8303,20182477480.5512,31862554101.9378,36906181380.8127,49540813342.4834,59977326085.9908,59937796648.2158,60269732854.827,65531374199.6663,59607290407.6191,63298361996.2153,66053040483.0016,67860515989.517,75065106227.6892,79006113643.1906,66345291160.1683,62253049891.6449,66757619000.0,74079772652.4286,
Nepal,Asia,5494252207.90502,6007055042.17687,6050875806.66403,6330473096.54071,7273938314.71988,8130258377.90964,9043715355.8881,10325618017.379,12545438605.3959,12854985464.0764,16002656434.4746,21573872420.7008,21703100877.1309,22162204924.5726,22731612922.1906,24360801286.7638,24524109483.5293,28971588940.364,33111525237.149,34186180699.0255,33433659301.2466,36924841394.2605,41182939600.6209,41047772331.0994,42914268286.7109,
Philippines,Asia,83669788376.9213,78921234457.5487,84307345887.543,87039092974.2272,95001999685.3314,107419977318.166,127652926368.069,155980408673.403,181624626327.361,175974755881.372,208368893151.144,234216730291.32,261920540962.63,283902828588.718,297483555338.044,306445871242.322,318627003016.731,328480736802.76,346841896587.313,376823402239.136,361751145451.597,394087359848.11,404353369604.631,437055627244.424,461617509782.355,
Singapore,Asia,96076539925.7409,89793790669.6515,92538372869.6942,97646401095.6369,115033593101.049,127807848728.398,148627286361.351,180941701357.97,193617323539.203,194150283771.566,239807980591.24,279356499090.458,295092888076.589,307576360584.992,314863580758.455,307998545269.398,319646468521.497,343673334902.33,377123710560.614,376161998830.048,349165858544.568,436591382250.464,509017841146.557,505439514078.019,547386645891.847,
Sri Lanka,Asia,16330814179.9766,15749753804.8344,16536535647.0834,18881765437.2151,20662525941.2985,24405791044.7761,28279802405.9138,32350238760.4239,40713826215.0093,42066224093.0065,58636161081.712,67753284043.9282,70447216891.3366,77000578167.353,82528535713.926,85090301052.0465,88000211171.5956,94369350285.5814,94450015982.8405,88998706296.5783,84335574581.5072,88556698937.7033,74143020262.8076,83716142582.1945,98963185509.6499,
Tajikistan,Asia,860541842.263697,1080772551.29433,1221106220.2868,1555318261.4172,2076176869.41089,2312352020.6689,2830213848.6203,3719524540.86193,5161299725.27673,4979472364.4534,5642221099.17704,6522756255.012,7633036903.07634,8448411318.25417,9112605459.32845,8271431485.07484,6992416096.89018,7536402852.85802,7764999999.45362,8300813599.3084,8133963550.65742,8937805347.13963,10713525200.3998,12244169292.7998,14204575548.5536,
Thailand,Asia,126392224253.794,120296476180.402,134300904400.022,152280615245.887,172895685154.658,189318408468.595,221758296021.621,262942621455.053,291382982430.951,281710630187.319,341104766329.17,370818739623.622,397558325278.579,420333654592.547,407339040197.651,401296238228.084,413366349747.508,456356813536.764,506754208404.485,543976691793.886,500461898480.246,506194668789.937,495644697587.661,515906283940.933,526411265427.683,
Timor-Leste,Asia,366924300.0,477443500.0,469455500.0,490439100.0,440772000.0,462268000.0,453792400.0,542795400.0,648523600.0,726937800.0,881909300.0,1042534600.0,1160555000.0,1395727400.0,1447535200.0,1590282400.0,1640464600.0,1584878400.0,1555988614.43594,2032550389.41316,2162619240.86927,3624889673.07263,3208593982.01071,2079916909.49485,1881265333.4187,
Turkiye,Asia,274294623164.043,201753123806.695,240249071871.106,314595572145.767,408865430220.331,506314717661.655,557076157773.479,681321124295.914,770449132861.373,649289324627.732,776967266305.53,838785289694.35,880555885492.269,957799120008.32,938934609296.966,864313810469.009,869682881593.041,858988492853.742,778972108040.602,761005915750.925,720338490327.248,819865223976.115,907118434653.505,1118252958513.72,1323254808058.74,
Turkmenistan,Asia,2904663310.9825,3534772732.39746,4462029108.72349,5977440582.80171,6838351088.46688,8103901996.37024,10276674364.8961,12664165103.1895,19271523178.8079,20214385964.9123,22583157894.7368,29233333333.3333,35164210526.3158,39197543859.6491,43524210526.3158,35799714285.7143,36169428571.4286,37926285714.2857,40765428571.4286,45232857142.8571,45818000000.0,50007428571.4286,58972000000.0,60628857142.8571,64239891739.3311,
Uzbekistan,Asia,13760513969.314,11401421329.1974,9687788512.80184,10134453435.4603,12030023547.8807,14307509838.8053,17330833852.919,22311393927.8817,29549438883.8338,33689223673.2577,49765676402.4495,60178909297.208,67517349212.0609,73180037914.9104,80845385809.4529,86196264755.3105,86138288644.171,69703222282.7278,58695899092.1083,67293639798.3996,66443265418.3086,77340060003.0347,90095926567.4359,102641879248.764,114965293466.611,
Viet Nam,Asia,31172518403.3162,32685198808.5549,35064105500.8344,39552513231.9169,45427854693.2554,57633255738.1992,66371664817.0436,77414425532.2452,99130304099.1274,106014659565.214,147201173196.979,172595049183.925,195590661129.249,213708811665.34,233451469642.519,239258328381.741,257096001177.982,281353605986.903,310106478394.659,334365270496.667,346615738537.796,366474752771.009,413445230668.578,433857681378.291,476388230307.175,
American Samoa,Australia,,,512000000.0,524000000.0,509000000.0,500000000.0,493000000.0,518000000.0,560000000.0,675000000.0,573000000.0,570000000.0,640000000.0,638000000.0,643000000.0,673000000.0,671000000.0,612000000.0,639000000.0,647000000.0,721000000.0,750000000.0,871000000.0,,,
Australia,Australia,416167815092.908,379629301675.108,395788696012.059,467739079790.332,614659980082.515,695692898676.56,748417562769.636,855007458585.224,1056112427190.38,928762122698.05,1148838233480.72,1398610616772.97,1547532281116.4,1577123329410.88,1468265356427.76,1351296372254.31,1206836962281.84,1325582658156.54,1427809041019.44,1392723834562.64,1328414058378.38,1556735770437.26,1690858246994.43,1728057316695.61,1752193307380.34,
Fiji,Australia,1678219507.89829,1652462023.46215,1833279985.36741,2300492465.32276,2708078476.63012,2980403844.72096,3076305452.86506,3378314599.76402,3523185919.55826,2870624635.68032,3140166712.79624,3779411899.37483,3972028104.47328,4189967998.51424,4857104768.86844,4682479893.97558,4930213644.36653,5353469174.47838,5581425327.44397,5444407198.13478,4432466219.87685,4305031649.74189,4969503549.32096,5442046552.96928,5840564072.77313,
French Polynesia,Australia,3599845480.34359,3573808556.31268,3965405552.5203,4927780606.7707,5564109981.9138,5705052134.54253,5877997979.62266,6631156405.59637,7136741421.95908,6584557973.9375,6086644798.55982,6203940036.91982,5692858099.00217,6031827122.60663,6151996560.84289,5325846361.81186,5497036476.8031,5833352692.7995,6135116253.33452,6022276196.13871,5574821989.38239,6150640646.38319,5814661208.90544,6402221222.32749,,
Guam,Australia,,,3394000000.0,3569000000.0,3869000000.0,4213000000.0,4238000000.0,4397000000.0,4658000000.0,4828000000.0,4949000000.0,4984000000.0,5265000000.0,5399000000.0,5610000000.0,5799000000.0,5901000000.0,6013000000.0,6051000000.0,6355000000.0,5916000000.0,6234000000.0,6910000000.0,,,
Kiribati,Australia,74910527.2586758,64935850.1573877,74743869.1313473,96105619.3795504,104085892.133271,113895437.324786,112338353.264712,138054945.643442,147017894.97877,140177384.145395,165458433.127645,195970140.170383,207001545.867109,201730860.757856,200287281.98074,191559398.688293,206467818.503227,222875736.343445,233514717.441266,216985388.322754,220897998.732518,285259893.983064,270040456.961045,288610732.190775,307862546.789627,
Marshall Islands,Australia,114838500.0,122406100.0,131960000.0,131128500.0,132900000.0,138000000.0,143200000.0,150500000.0,146600000.0,151200000.0,161100000.0,172300000.0,180700000.0,186400000.0,186000000.0,183700000.0,201800000.0,213700000.0,220000000.0,232900000.0,241800000.0,258900000.0,253400000.0,259300000.0,280357844.229802,
"Micronesia, Fed. Sts.",Australia,233271800.0,240970900.0,242517200.0,245432900.0,240236000.0,250281900.0,253541900.0,256787200.0,263145100.0,280284600.0,296944100.0,311301600.0,327248700.0,317214400.0,319271200.0,316489900.0,325000000.0,359000000.0,392000000.0,394000000.0,372902690.041619,391601946.963072,415956896.458884,443916782.295594,471425099.488675,
Nauru,Australia,26930980.3429002,22613287.5389074,21017423.6082043,24778159.5806639,30587565.7988334,30282840.1864799,29183626.7145836,23068623.4557157,37184925.3337199,44024969.9491252,47442299.2604192,65444173.7762725,100794924.670417,94385014.9425842,98752257.0453222,84383388.6448573,97276023.0784346,108862278.516511,130937589.753517,124871111.377973,124530027.301054,175513984.500084,152190818.868952,151455967.735319,160350639.549467,
New Caledonia,Australia,3420032041.07385,3297734891.14661,3740056747.71979,4915353827.10576,5895008977.9531,6238629487.01331,6979155387.86792,8819917180.34265,9067619760.07073,8704438102.20142,9364350076.91225,10351448004.7674,9659151917.40484,10151382933.1594,10635035594.7528,8738203074.3957,8724568954.89799,9174048681.98577,9896402283.68587,9475655324.59495,9454629467.91408,10071349663.8484,9623318718.31459,,,
New Zealand,Australia,52623281956.7031,53872425916.6248,66627729311.4495,88250885550.2626,103905210084.034,114720129550.095,111538810712.665,137188946865.584,133437126590.286,121663439315.385,146887902524.052,168484908960.078,176560711239.147,191012364176.878,201518402787.38,178224167087.99,189100085275.23,206745969246.073,211985631173.205,213006341101.869,213029554653.687,253977931814.967,249509991440.438,255194972673.122,260235932558.996,
Northern Mariana Islands,Australia,,,1284000000.0,1239000000.0,1210000000.0,1061000000.0,990000000.0,938000000.0,939000000.0,795000000.0,799000000.0,729000000.0,746000000.0,772000000.0,832000000.0,910000000.0,1230000000.0,1560000000.0,1301000000.0,1179000000.0,866000000.0,914000000.0,1096000000.0,,,
Palau,Australia,149535800.0,159453500.0,162665500.0,154559900.0,166391600.0,191048400.0,193679700.0,200903600.0,201167300.0,189998000.0,188174300.0,198873900.0,215762400.0,225345700.0,243156500.0,278824800.0,298323500.0,285600000.0,288546300.0,281941600.0,258990800.0,235752900.0,255591100.0,281849100.0,,
Papua New Guinea,Australia,3521339699.07407,3081024212.42924,2999511040.19764,3536411824.2958,3927157866.96465,4865892972.27595,8354911040.70193,9545028944.34579,11670892800.5309,11619456449.266,14250786674.7766,17985138065.8549,21295168665.7247,21261338064.8783,23210823987.308,21723437010.0982,20758876952.6232,22742699138.356,24109780708.0268,24750626029.8777,23848447849.6081,26109413521.3117,31653185952.609,30816367066.9594,32538480023.9998,
Samoa,Australia,258856139.798489,266299591.479428,281790134.211972,333426188.41876,407747565.096959,476801793.159429,499923757.780736,573548459.833372,641346191.664776,628006115.424052,680260907.153983,744097050.169115,773141661.165548,797736334.281305,796683519.593842,824150498.653536,843924796.697421,884844384.463214,878448433.404342,912950466.064906,868898358.266437,843923638.733018,832945205.637185,938189443.830393,1068025243.63929,
Solomon Islands,Australia,419842674.227652,409508552.979972,346406738.885237,417668983.408349,468005318.551977,552864570.225819,617258154.260133,695295347.621537,776337691.795098,805557562.580059,898133684.898793,1063895360.69907,1185215418.25562,1285911586.132,1335571420.72676,1307909887.55212,1379490304.2254,1469789119.08756,1615478393.28614,1619155017.3924,1536145814.17007,1522794913.0914,1566360686.10632,1660896530.71894,1760767447.17461,
Tonga,Australia,204848487.806485,181117230.406546,182764280.828501,202246591.215502,230678011.42199,261823805.433238,292232703.306768,298519623.342085,344438844.333518,312415028.446113,366887374.989696,414143828.494419,471122971.305043,451788498.263614,440997734.928723,437525538.903019,420828254.541601,459976847.108128,489714529.780507,494197853.971842,496856303.949489,518228028.701685,518180029.413435,508735107.033734,,
Tuvalu,Australia,15073975.5349377,13964732.327114,16842672.5952874,19456338.0318228,22798274.9795551,22909979.8163078,24096875.4635825,28450168.692765,31874434.857882,28076983.9703819,32105408.4771121,39196957.4908996,39345579.4723758,38615890.6320745,38760982.6540096,36811936.0824587,41629064.2232388,45276595.3533146,48015259.8751356,54123198.5662913,51746594.3148543,60196405.7138393,59065982.0873657,62280311.5852172,,
Vanuatu,Australia,272014627.835262,257926881.72043,262596535.549028,314471413.001776,364996869.129618,394962433.029368,439358586.535588,516392922.513728,590748429.401902,592622319.145664,670712979.682038,770153588.218833,747839697.746593,758304466.245339,773717010.546445,759690180.951654,804323576.861028,880043284.399407,914727908.137793,936526267.622513,909421043.508407,982362211.918412,1030654208.30053,1126313359.21923,1161251868.03498,
Albania,Europe,3584570164.85195,4059064033.13379,4515003116.68036,5801712040.48463,7406645793.44038,8256658249.8128,9150528132.17633,11116937869.8568,13258506375.4518,12335540656.1006,12086545641.299,12973755874.5365,12246499747.9714,12796985886.1478,13296322588.1684,11470171826.9575,11988668784.6628,13258268435.6048,15379508329.7568,15585111614.0376,15241455556.3737,18032009220.4405,19017244116.7203,23547180412.3404,27177735527.5667,
Andorra,Europe,1432606188.69324,1548265808.05802,1764279824.29752,2366941808.94404,2900245324.49221,3161084091.11674,3459337986.88383,3957625367.21959,4102319399.02343,3688976340.7549,3449925738.86069,3629133574.27783,3188652765.36184,3193512950.02419,3271685596.66321,2789881258.50362,2896610479.73077,3000162081.11976,3218419896.9641,3155149347.80639,2891001149.3611,3324647529.381,3380612573.32922,3785067331.7625,4039844390.22543,
Austria,Europe,196181599831.287,196477206829.33,212837224022.813,260779834340.097,299210411454.823,313952317330.776,333905979332.481,386760177589.497,429234399096.173,399290118782.429,389827789217.634,428954737064.057,406750487603.59,426580502769.417,438556021078.034,379546097300.633,393687359770.273,414926138132.691,452582294972.775,442983642371.842,434397601557.696,480467037338.783,471773629830.381,511685203845.001,521642466921.745,
Belarus,Europe,12736780455.1539,12354820143.8849,14594900944.7658,17825444724.4878,23141566292.9462,30210091836.8294,36961894281.3444,45275711995.825,60752106347.126,50873167326.0414,57231904542.8755,61762382327.9319,65685890438.8922,75527558966.4473,78813069120.9984,56454769844.7632,47723545321.259,54725405751.1559,60031026576.26,64410170653.4569,61371673344.7424,69673747131.87,73775179924.603,72478760370.4258,75961865471.9129,
Belgium,Europe,236792460312.471,236746141604.37,258383599375.177,318082528506.588,369214712443.206,385714762230.039,408259840868.823,470922156309.453,517328087920.078,485014525992.461,481556503720.001,527196649048.639,498414364944.961,524097026598.55,537987419164.351,461044767544.531,474271566739.729,500908767351.53,542638913427.921,536726344405.489,529694473501.791,598522422241.851,593614574325.878,644655275111.58,664564181486.953,
Bosnia and Herzegovina,Europe,5567772768.81188,5800615466.26648,6728220886.64546,8498894359.38629,10156541538.399,11222796336.5426,12864841905.9543,15778734264.3787,19112796623.1175,17613949091.2294,17176315803.7298,18644233537.1093,17226735995.6905,18179108530.5261,18558733564.4692,16404348871.4437,17116926327.6247,18326373366.1105,20484053868.9246,20482608755.379,20226036564.4129,23672712242.2149,24534663636.1778,27592361387.8597,28343394203.4694,
Bulgaria,Europe,13245990274.4581,14183446025.7389,16403043849.8297,21144957990.4681,26157743368.8716,29868657858.0082,34380536495.6739,44431257128.8618,54480684188.4442,52023801230.12,50689051382.4361,57681293006.9721,54297052002.2338,55819262374.9039,57080897012.1077,50765918159.1476,53929397039.2106,59167647387.606,66251582035.9412,68634004792.1,70550652466.6251,84414122840.1687,90509236929.2237,102396840296.147,112211952703.831,
Channel Islands,Europe,6439703434.71024,6232906290.4851,6663669064.7482,7332244897.95918,8553643354.08275,8827272727.27273,9676172953.08188,11514605842.3369,,9100755725.19084,8902070457.35476,9649313892.00449,9455340126.38231,9594160856.65155,10528493006.4176,10109968831.1688,9169278152.84904,9170079922.77992,10026153281.7503,10032440898.6469,9439810769.23077,11157003025.7186,11308300382.1028,12507927159.7265,,
Croatia,Europe,22134411297.473,23066883849.6467,26757722428.6781,35245317001.8224,41836292157.3335,45013119281.806,49590197656.5482,59298265769.9946,68478776205.9826,62321642125.1721,58981738868.753,62903737379.7834,57551963753.2104,59852401272.3204,59612144078.4133,51005200669.6941,52654855638.1057,56186190437.9959,61668130122.5878,61467582193.6824,57963370885.0798,69006802298.6956,71198635101.9514,84393795502.4421,92526176108.621,
Czechia,Europe,62175642238.0847,68135304463.9641,82607869609.574,100435924704.881,120147899983.657,137264185596.1,156236258386.589,190040702286.917,236506264753.95,206971882704.716,211168667286.27,231429378717.312,210363223087.728,213024360541.119,210911285077.683,189107698561.919,198160659303.939,221563575696.217,251992360762.236,256794209028.77,251109660602.536,290972714482.313,301831228325.556,343206568134.637,345036675975.047,
Denmark,Europe,164043817223.59,164881594415.341,178788209558.311,218421193436.252,251986155630.852,265150087711.985,283386151543.687,320213157595.018,354979471960.142,322619152194.594,322345594075.47,344315595263.175,326792574244.963,344631016965.12,352832602064.452,301758922337.637,312181849372.233,331610593961.988,355293374912.393,345401473012.615,355631021931.621,408378204639.999,401945576107.963,407091920305.404,429457372071.869,
Estonia,Europe,5686579747.53524,6250218422.70164,7370119619.4782,9876595528.45528,12148595031.0559,14109491356.7964,17025671810.3124,22450264166.4385,24342935403.5447,19633984440.1223,19524355419.038,23303915794.7569,23237406116.3988,25451032780.7573,27055689003.0038,23311847750.9394,24561027787.7896,27469461919.1189,31222632740.7247,31873748770.0313,31820771493.8974,37204563051.4723,38376046174.971,41291245222.1948,42764929169.3258,
Faroe Islands,Europe,1067109530.64798,1160268212.07291,1275093689.27107,1501941580.88903,1724770770.83393,1759739599.22694,2017680834.89917,2339015313.29513,2489873249.62815,2296065170.05552,2331796784.36009,2505740669.27039,2427200388.91831,2690110520.92548,2914012679.27277,2573905971.05459,2813278868.78208,2980057377.87967,3188600927.46688,3266432734.22819,3271813311.5831,3664686796.62669,3566698397.6602,3907323961.33964,,
Finland,Europe,125967821110.589,129519672868.898,140360963811.765,171612867735.686,197458297639.769,204859368790.661,217044068234.117,256360251537.648,285698662071.094,253480783439.453,249429613683.334,275126915515.565,257443384492.969,270268036626.275,273478528954.901,233210733506.25,238777818792.608,253846138440.0,273869255596.078,267014821129.411,270000311606.226,294223210496.119,280253099309.34,294950618733.339,299835625550.781,
France,Europe,1360959069477.49,1370376677298.86,1492427756382.43,1835095983049.09,2109792297237.03,2192146403028.17,2317861544690.82,2655816911866.56,2926802941585.86,2700075882518.98,2646230027988.34,2870408553990.28,2683007095787.23,2816077607875.26,2861236112552.42,2442483452642.5,2470407619777.13,2588868323334.71,2781576320884.39,2722793515171.76,2647926055110.05,2966433692008.09,2796302210398.84,3051831611384.76,3162079073495.78,
Germany,Europe,1966980701145.1,1966381496641.73,2102350798305.89,2534715518349.01,2852317768061.78,2893393187361.87,3046308753670.58,3484056680854.91,3808786022312.5,3479800820863.28,3468154343000.01,3824828563521.41,3597896500945.31,3808086291482.36,3965800686309.79,3423568450957.03,3537784107980.55,3763092263752.95,4052008447223.53,3957208055215.68,3940142541354.1,4348297440387.53,4163596357879.39,4525703903627.53,4659929336890.62,
Greece,Europe,125760166224.805,132050474720.03,150253800085.865,196930509813.384,234979615898.225,242315668619.405,269073415333.676,314226996944.108,351121399546.485,326829054686.306,296417644404.034,283228079776.041,238841140018.233,236556279640.705,233911581521.062,194567373678.099,193097239005.87,200381103984.298,213298873494.394,207305649887.019,191362985554.861,218303801895.326,218880566444.349,243498333237.802,257144811301.673,
Hungary,Europe,47275954428.9586,53800068065.7969,67636468625.0428,85190469121.074,104015363080.271,113098237570.929,115604111412.139,140123326896.329,158228265915.534,130807441076.16,131898737241.166,141712804953.868,128470269689.958,135646053778.582,141128696412.321,125244126623.289,128983560865.293,143335098991.862,161184691013.835,164936682033.992,158468487754.196,183282685440.486,177536698164.902,214022571311.24,222904723252.11,
Iceland,Europe,9025660361.75842,8234846804.60582,9318395054.85934,11429333037.8443,13825302535.7699,16852963067.0496,17465318552.2941,21652505596.7528,18074622987.0185,13154414219.207,13751161917.7398,15221622925.9319,14751508133.5443,16125060515.3117,17867662177.8911,17517210519.0912,20793168030.9524,24728285177.4603,26260850582.0687,24681343649.2952,21629953194.0659,25770339317.3897,28696453180.1657,31452223861.9091,33462807982.85,
Ireland,Europe,100207610429.909,109346669229.695,128596035288.401,164670771259.602,194372115041.065,211876989655.907,232180617162.279,270079279419.5,275447471451.063,236443117248.477,221985621537.5,241337364609.738,227270922957.327,243301556084.989,266787238499.03,302391428540.035,305733136180.907,348532394023.595,395461216460.418,407124824064.995,436555518400.451,531306516907.984,548570250341.987,551394889339.778,577389475009.922,
Isle of Man,Europe,1601050083.21985,1668684324.16871,1891002697.84173,2252620408.16327,2802206151.59282,3032411026.94919,3422733202.4501,4466350655.89909,5928791505.35144,5486921247.07323,5920369789.50182,6565667052.79737,6690228371.66909,7001175622.71266,7708454412.32126,7084800892.22284,6846377563.00683,6979788333.50279,7491649455.92717,7314967866.28289,6684225641.02564,7931193222.06405,7431257410.92713,,,
Italy,Europe,1149661363439.38,1172041488805.87,1281746271196.04,1582930016538.82,1812808753294.75,1864982261286.85,1958563654385.64,2222524108127.65,2417508414187.19,2209484319012.65,2144936254535.0,2306974020278.21,2097929495121.68,2153225581941.46,2173255507985.84,1845428048839.1,1887111188176.93,1970720904584.71,2099435266458.67,2019606796583.53,1907481094079.23,2179207773596.09,2104067630319.46,2304605139862.79,2372774547793.12,
Kosovo,Europe,,,,,,,,,5181776768.71247,5015894692.97027,5343950556.07185,6341613609.97976,6163484244.63408,6735328609.6594,7074394734.88431,6295848422.71573,6682677289.98994,7180764703.35718,7878759714.82322,7899737577.47286,7717145217.81247,9413403724.01899,9354903061.8898,10468220306.907,11148602232.663,
Latvia,Europe,7761252607.18424,8190888739.6463,9249030241.01864,11244337719.8377,13827070378.5612,16306935905.4138,20434922247.3037,29420499247.7089,34135200994.0067,25691530442.035,23468324572.3343,26575547900.8247,27116149948.6683,29152128167.8438,30277203767.4058,26344565876.8902,27117105059.5075,29391059767.4259,33247935477.3576,33099503950.847,33379927434.6149,38183326784.9335,38014713595.7686,42572151720.138,43520773851.1219,
Liechtenstein,Europe,2483889858.32312,2491800558.77674,2688618747.38148,3070803051.42164,3454373797.74442,3659319116.88057,4000102086.14635,4601429897.21468,5081479840.08716,4504375348.07038,5082337238.44718,5739706004.89616,5456102482.28614,6391708310.67727,6657526979.72277,6268515276.17441,6237302033.50132,6474308717.85289,6692620691.84146,6436467007.11932,6405870210.32293,7912602342.18895,7378156576.2354,8287748667.20832,,
Lithuania,Europe,11550695727.2335,12260761329.3051,14282292664.6004,18809197969.5431,22743164431.1972,26105207115.3129,30116192746.8942,39729151614.6689,47831254207.5223,37494380038.9213,36638128534.0643,43186501862.7907,42709372066.8627,46303660422.0434,48306546656.9281,41540954817.2039,42970749245.0336,47756764508.446,54261795148.5372,55122066225.796,57412038533.2718,67037321008.9679,71033884499.7824,79789877416.1681,84869215513.3648,
Luxembourg,Europe,21230182989.3036,21387533703.2327,23649833332.1655,29667268248.1305,35064843792.8993,37672280120.4794,42910146296.0646,51587401415.7872,58844277701.5258,54467289897.5582,56213985987.4168,61696281326.2453,59776383527.3602,65203276466.9763,68804811897.6445,60071584216.1375,62216885435.9488,65712180342.9836,71085623495.1145,69872035113.6469,73670782100.3909,86386759695.1653,80801680397.0139,87574021091.7525,93197329011.7078,
Moldova,Europe,1288429391.79951,1480673594.05602,1661818168.4226,1980907434.76826,2598249555.89984,2988342907.03096,3408255450.5509,4401173151.93767,6054824248.24221,5439434271.78807,6974982369.60155,8414352020.49442,8709138634.82921,9496717875.51932,9402090137.7423,7797667196.73087,7980917075.7748,9514404016.20949,11252353420.8798,11736797054.6965,11530746234.4492,13691869264.0794,14525337523.7271,16711906746.2133,18200340853.6517,
Monaco,Europe,2654462665.26893,2673723033.71239,2919647981.81473,3597089750.78276,4043551488.82603,4204652898.73103,4586826512.71356,5875790766.2621,6502942244.93068,5474379252.34114,5367561569.59548,6088689808.38347,5742749294.00852,6555591709.88585,7070017323.65476,6264756528.37691,6471290793.55029,6430254652.58934,7184333936.01355,7383496254.23721,6730736282.78961,8623242743.29564,8800430486.17137,9995350547.12166,,
Montenegro,Europe,984293043.811565,1159869245.92513,1284685050.52413,1707710053.14938,2073234417.68066,2257174480.78597,2721903148.91482,3680711743.77224,4545674527.61096,4159330369.5471,4142983843.4912,4544428421.49513,4087526241.81268,4465772400.37453,4593853290.963,4054730077.57718,4376930578.32395,4856599480.79882,5506942238.35668,5542054181.12616,4769996866.00758,5861427505.12493,6229801580.79157,7530593375.22034,8069536125.80285,
Netherlands,Europe,417649282153.726,432536219668.898,475529972122.746,582435617081.96,661224886143.245,688133699635.797,737593995289.411,853499460872.552,957901566041.406,878954223140.234,852464982433.335,913140741332.687,845689017065.625,883951539006.669,901556501756.467,775743675302.734,797163949289.885,848233537845.884,929733599796.862,928903005576.469,932560861701.17,1054472123449.6,1046540797548.64,1154361305398.06,1227543925316.41,
North Macedonia,Europe,3772859034.20508,3709636030.66578,4018365747.00972,4946296599.08467,5682784471.69722,6258602872.67898,6861226971.55617,8336474973.72949,9909552434.51136,9401736825.42688,9407170321.37752,10494626767.6445,9745261300.57788,10817702346.0674,11362265252.778,10064519962.5655,10672467073.2873,11307067069.6658,12683068114.2388,12606338448.547,12361036913.8409,14000283827.0154,13932436550.0883,15763604287.9867,16685236492.0675,
Norway,Europe,171457201935.968,174239354070.977,195914852576.467,229385469337.024,265268662473.297,309978579743.888,346915160681.708,402643260487.572,464917553191.489,387976400617.019,431052143940.438,501360549669.404,512777309840.997,526014468085.106,501736471832.848,388159512245.53,370956547619.048,401745275035.261,439788625883.8,408742840909.091,367633418886.627,503367986030.268,596297651035.798,482949731776.587,483727398216.364,
Poland,Europe,172953527033.013,191823200371.284,199694463255.567,218561225998.47,256268656145.134,306999913150.525,345897630736.173,429715132137.503,535612030671.888,440891472247.096,478111630683.514,527848543023.469,498148649702.66,518179836405.36,542134167178.627,480054118583.367,473259623976.262,528356723263.073,594616632477.019,602683770144.88,605914186117.953,689170171187.004,695607522884.822,812451128978.58,914696430325.391,
Portugal,Europe,118605192877.388,121604107164.997,134795565549.419,165226175536.793,189382122532.169,197253876704.921,208756449275.848,240496147317.381,263416394624.084,244667762835.543,238443864993.217,245426767676.002,216536676771.973,226677408291.745,230078616299.675,199038523119.639,206305431241.638,220862990767.229,242092894542.888,240115970063.019,229618773422.577,256055879091.139,256898675068.927,289696962620.235,308683317392.68,
Romania,Europe,37253739511.1273,40395116581.4832,46065502702.5817,57806384143.166,74973656851.8076,98454380120.0761,122023735992.706,174588782938.583,214315932061.275,174110532658.867,170064350671.827,192623977894.173,179117323107.087,189798603751.235,199722319675.741,177885131240.315,185290759248.844,210147385855.419,243468683030.34,251677082534.495,252033792712.145,286578196368.297,296354358293.475,350775856415.189,382767571329.158,
Russian Federation,Europe,259710142196.943,306602070620.5,345470494417.863,430347420184.885,591016690732.385,764015973481.11,989932071352.543,1299703478481.65,1660848058303.11,1222645900055.7,1524916715223.95,2045922753398.04,2208293553878.42,2292470078346.22,2059241589895.01,1363482182197.71,1276786350881.14,1574199360089.0,1657328773461.31,1693115002708.32,1493075894362.14,1829186719575.1,2291612121334.64,2071505725030.58,2173835806671.66,
San Marino,Europe,1007661366.66959,1059529812.37456,1148872072.38556,1462590266.59186,1715340542.988,1786514058.22344,1909765165.43137,2188654628.38097,2403213305.03601,2064277126.41466,1881191925.32503,1813717438.69134,1604701299.43546,1678741475.14095,1673911426.17254,1419401070.56043,1468343139.74326,1528620346.31168,1655353653.05934,1616232125.12587,1544714493.24409,1855395999.76534,1831700577.08904,,,
Serbia,Europe,7326373882.11044,13599378661.9952,17930583571.3055,23593044417.5086,26845632341.8075,28334256180.8801,33298057361.7412,44888028946.0854,54220641201.6474,46955984409.7271,43536629233.1424,51251098408.0924,45103269969.4112,50455529604.0696,49114321280.3466,41297410634.9586,42225495909.5633,45972834713.8077,52787520248.9242,53864693664.5568,55874017668.998,66159884072.5308,66797564758.339,81342660752.3732,89083506277.2344,
Slovak Republic,Europe,29215726004.7765,30726659550.9717,35243658398.7546,46616149116.7411,57215475076.2986,62547753148.4638,70751813442.9881,86587749517.9724,100830060552.902,89342984697.5246,91112160800.7668,99705104723.4341,94724394278.052,99134277850.3418,101713075598.862,89178548717.3324,90347173228.6356,95978130734.9766,106611673364.837,105843498304.094,107732602896.441,120560912620.599,115884262197.697,133896931490.224,141775733420.114,
Slovenia,Europe,20159190701.6789,20668868706.8115,23214593516.2095,29360575031.8177,34156553313.4031,35947936823.7781,39260368837.0342,47880266542.577,55509332322.3578,49975540954.8465,47793117240.9001,51199194599.3094,46167053954.3367,47867056858.8892,49514466379.6057,42709468274.8137,44290685824.0682,48153200134.6613,53689067639.9176,53909922735.545,53384760135.1581,61529280461.092,59927702746.2843,69148468417.3208,72485008929.2766,
Spain,Europe,598102854756.08,627798682378.741,708938227243.923,907963217057.645,1069829382514.67,1154667551775.88,1261846683275.29,1476746276854.51,1636115447612.5,1496587590847.66,1427989078916.67,1487568659241.25,1330994811670.31,1362186923157.65,1380244561361.96,1206164777553.12,1243015667917.12,1321754088818.83,1431642809327.06,1403496387686.27,1289783836971.21,1461244901852.69,1446498147749.03,1620090734956.89,1722745978335.16,
Sweden,Europe,262905197441.662,242499249692.616,267373345246.531,334074051172.972,384547211147.247,391690329314.475,422530427475.536,490050156832.574,514616528348.834,434313804907.366,492753255885.718,570541353128.724,549742183874.355,584128116410.29,577730245154.162,501698263620.663,514218206628.325,536083940228.684,551312498430.164,532169294165.94,545147614972.141,637186904843.636,579895717343.956,585489968189.064,610117791237.089,
Switzerland,Europe,279216033870.204,286582672434.226,309301422430.386,362075086507.76,403912891033.374,418284865884.998,441634672196.523,490740715594.802,567267767519.158,554212916092.271,598851027947.721,715888126682.396,686420221557.99,706234937370.968,726537809429.524,694118186379.628,687895460902.713,695200834102.045,725568717468.001,721369112726.724,741999406005.627,815309330986.719,828508926958.393,894424821645.205,936564198048.516,
Ukraine,Europe,32375083934.8241,39309580983.2282,43956163612.0433,52010355753.0461,67220154164.3166,89238865118.5263,111884752475.248,148733861386.139,188110390659.515,121552153444.124,141209170427.233,169333835201.554,182591753827.949,190498811460.028,133503871861.723,91030967789.0717,93355869403.9223,112090505081.739,130891088293.55,153883047509.577,156617722013.342,199765859570.935,161989520721.19,181221517868.744,190741263731.535,
United Kingdom,Europe,1665534876683.31,1649827263567.01,1785729916067.15,2054422857142.86,2421525082387.4,2543180000000.0,2708441582336.71,3090510204081.63,2929411764705.88,2412840006231.5,2485482596184.71,2663805834828.07,2707089726614.64,2784853502534.29,3064708247921.43,2927911140916.73,2689106566899.61,2680148052335.3,2871340347581.79,2851407164907.81,2696778386607.65,3143323050707.26,3114042471144.39,3369861888972.88,3643834188782.91,
Bermuda,North America,3480219000.0,3680483000.0,3937228000.0,4186525000.0,4484703000.0,4868136000.0,6144000000.0,6767000000.0,6980000000.0,6656000000.0,6634526000.0,6312691000.0,6378188000.0,6465756000.0,6413988000.0,6654541000.0,6899911000.0,7142316000.0,7225977000.0,7423465000.0,6887364000.0,7290037000.0,7874381000.0,8579242000.0,8980200000.0,
Canada,North America,744773415931.587,738981792355.372,760649334098.005,895540646634.787,1026690238278.25,1173108598778.68,1319264809590.97,1468820407783.26,1552989690721.65,1374625142157.29,1617343367486.26,1793326630174.52,1828366481521.6,1846597421834.98,1805749878439.94,1556508816217.14,1527994741907.43,1649265644244.09,1725329192783.02,1743725183672.52,1655684730000.19,2022378748423.23,2190411080134.32,2173339670064.33,2241253230970.34,
Greenland,North America,1068025016.00862,1086170703.9816,1169136716.03557,1558759823.08169,1822499769.23938,1849802648.36391,2013106929.50031,2249811295.6608,2499092314.41875,2529963903.22685,2503167187.49305,2684461375.46585,2609678486.36749,2684946990.12448,2842065708.35962,2499113022.81675,2707139544.46695,2851613679.03433,3055782146.15957,2997309971.87623,3089625554.40473,3293578467.57327,3152334771.77992,3326544174.37945,,
United States,North America,10250952000000.0,10581929000000.0,10929108000000.0,11456450000000.0,12217196000000.0,13039197000000.0,13815583000000.0,14474228000000.0,14769862000000.0,14478067000000.0,15048971000000.0,15599732000000.0,16253970000000.0,16880683000000.0,17608138000000.0,18295019000000.0,18804913000000.0,19612102000000.0,20656516000000.0,21539982000000.0,21354105000000.0,23681171000000.0,26006893000000.0,27720709000000.0,29184890000000.0,
Argentina,South America,284203750000.0,268696750000.0,97724004251.8602,127586973492.177,164657930452.787,198737095012.282,232557260817.308,287530508430.568,361558037110.419,332976484577.619,423627422092.49,530158122010.442,545982375701.128,552025140252.246,526319673731.638,594749285413.212,557532320662.955,643628393281.364,524819892360.176,447754683615.225,385740508436.965,486564085480.036,632790070063.124,646075277525.125,633266692533.689,
Bolivia,South America,8397855484.76908,8141516928.39489,7905485146.44351,8082399639.54305,8773451751.5121,9549122905.32852,11451844902.2214,13120108008.3477,16674276285.8956,17339992193.7322,19649723722.1034,23963164696.592,27084497481.9103,30659338885.6729,32996188017.3661,33000198248.9146,33941126193.9219,37508642170.767,40287647930.5355,40895322850.9407,36629843806.0781,40406111693.1983,44008282879.8842,45135398002.8944,49668296743.8495,
Brazil,South America,655448231983.527,559983634798.981,509795273806.715,558233745651.874,669289424806.307,891633839894.183,1107626541434.92,1397114486368.67,1695855083497.52,1666996438581.43,2208837745100.55,2616156223917.69,2465227802806.76,2472819535557.21,2456043727198.85,1802212206814.5,1795693482853.01,2063514977365.65,1916933898010.99,1873288205059.69,1476107231310.49,1670647398904.9,1951923942083.32,2191131765684.63,2179412080828.59,
Chile,South America,78339750721.364,71574739561.4329,70264045939.2773,76492579644.0605,99075985773.6682,122294145163.192,153843518170.864,172491076033.863,179894594475.405,171777900623.892,217051209238.534,251382573893.87,267024782486.855,277395018842.417,259560978224.359,242450355830.884,249344863928.438,276154259981.097,295857562991.709,278285058719.466,254042159309.311,315325547162.072,301226575540.242,335518054097.637,330267137371.592,
Colombia,South America,99875074951.0278,98200641203.3892,97945812802.8882,94644969157.0987,117092416666.245,145600529605.803,161792958904.864,206229540926.312,242504150472.931,232468663109.595,286498534094.963,334966134804.887,370691143018.039,382093697077.685,381240864422.407,293492370193.166,282720100286.228,311866875156.879,334198218098.276,323031701192.84,270348342541.465,318524633225.395,345632492851.448,366291836137.916,418542042920.189,
Ecuador,South America,17539454727.3637,23127055000.0,27054197000.0,30965208000.0,35194947000.0,40278849000.0,45690762000.0,49848725000.0,61139438000.0,60094978000.0,68151329000.0,78986648000.0,87735048000.0,96570334000.0,102717794000.0,97209558000.0,97671433000.0,104467486000.0,107478961000.0,107595830000.0,95865473000.0,107179074000.0,116133121000.0,121147057000.0,124676074700.0,
Guyana,South America,712667896.727512,712167450.162898,726131434.715338,743063950.317749,787814379.183843,824880550.343965,2379817990.6918,2730971595.39574,3025187433.33637,3165663152.73351,3432912516.92427,3691384317.52178,4063088535.76331,4167800928.83553,4127660151.8087,4279840193.7046,4482697336.56174,4748174334.14044,4787636997.85343,5173760191.84652,5471256594.72422,8041362110.31175,14718388489.2086,16918503597.1223,24835899825.8993,
Paraguay,South America,8855705139.55857,8495806432.18467,7196260656.84556,7691367471.17992,9624440836.29309,10737500188.1123,13429430050.261,17856393235.4338,24615267663.5456,22355151161.994,27260886405.2263,33756238766.5,33271921136.315,38501122141.4241,40377929295.6419,36211447840.0971,36089700222.9461,38997129473.5558,40225448340.6322,37925338329.1494,35432178068.1814,39950899938.7482,41952910858.088,43118053174.5413,44458118399.6669,
Peru,South America,51744749133.213,52030158775.4055,54777553515.0809,58731030121.8671,66768703497.5687,76060606060.6061,88643193061.748,102170981144.136,120550599815.441,120822986521.479,147527631520.729,171761737046.585,192650021648.583,201175543571.392,200786250582.943,189802976285.619,191898104390.379,211007984080.911,222597009739.235,228346006003.648,201409694755.934,226328766459.634,246065570308.155,266958720837.988,289221969059.853,
Suriname,South America,947671969.69697,834279357.798165,1093574468.08511,1274190311.41869,1484092538.40527,1793410397.38738,2626380435.17877,2936612021.85792,3532969034.60838,3875409836.06557,4368370997.92126,4422276621.78703,4980000000.0,5145757575.75758,5240606060.60606,5126237646.22072,3317421648.09918,3591679430.99988,3996198866.57453,4016040575.08796,2911807496.20227,3107923197.96954,3791603200.0259,3455146280.83975,4714267822.2233,
Uruguay,South America,22823270892.1094,20898761742.2386,13606515722.5864,12045638351.8507,13686329890.1191,17362857683.8545,19741420739.8901,23797773024.3992,31119602538.8322,32708319077.5179,41950361211.9581,50342406067.0777,54232266358.7811,61337621933.7857,61496186973.902,57680327998.6689,57480787465.2716,65005997963.4822,65344577415.7535,62222313618.8454,53559359261.826,60739084240.8633,70594110920.0358,77991666837.7382,80961511073.5797,
"Venezuela, RB",South America,117146466002.661,122911036746.729,92893587733.6549,83620628582.1082,112451400424.964,145513489651.872,183477522123.894,230364012575.687,315953388510.678,329787628928.471,393192354510.653,316482190800.364,381286237847.667,371005379786.566,482359318767.703,,,,,,,,,,,
